{
	"name": "UniqueElise",
	"race": "Human",
	"fraction": 11,
	"fraction_mode": 4,
	"friendly_fire": false,
	"friendly_aggro": 100,
	"sensor_freq_base": 15,
	"sensor_freq_rand" : 20,
	"ranged":false,
	"safe_distance": 3,
	"death_event":"EffectCompanionBackDed",
	"immune_state_effect": false,
	"immune_damage" : false,
	"is_object": false,
	"delete_when_death" : "1234",
	"delete_when_frame" : "-1",
	"sex": 1,
	"kinsey": 1,
	"health": 200,
	"sta": 400,
	"sexy": 1,
	"weak": "1",
	"morality": 50,
	"arousal": 0,
	"will": 600,
	"mood":100,
	"sat":100,
	"atk": 18,
	"def": 6,
	"constitution":8,
	"survival":15,
	"scoutcraft": 45,
	"combat": 5,
	"wisdom":60,
	"move_speed": 4.5,
	"ai": "Npc_CurvedCharge",
	"sensors": ["Eyes"],
	"sex_taste": {
		"sex_strength": {
			"vag": 3,
			"anal": 3,
			"mouth": 3
		},
		"sex_fetish_appetizer": ["none"],
		"sex_fetish_ending": ["none"]
	},
	"tri_state": {
		"fucker": {
		"sex": ["65535","="]
		},
		"killer": {
		"sex": ["65535","="]
		},
		"assaulter": {
		"sex": ["65535","="]
		}
	},
	"sound": {
		"sound_aggro": "teenLowHurt",
		"sound_alert1": "teenLowQuestion",
		"sound_alert2": "teenLowAtk",
		"sound_skill": "teenLowAtk",
		"sound_lost": "teenLowLost",
		"sound_death": "teenLowDed"
	},
	"drop_list": [
		{
			"name": "ItemShFireBook",
			"chance": 5
		},
		{
			"name": "ItemMhFireStaff",
			"chance": 5
		},
		{
			"name": "ItemDryFood",
			"chance": 5
		},
		{
			"name": "ItemMutantFlesh",
			"chance": 5
		},
		{
			"name": "ItemHumanFlesh",
			"chance": 10
		}
	],
	"skills_killer": ["FireStaffNormal","NpcCurvedFireArtillery", "NpcBasicSh", "BasicHeavy"],
	"skills_assaulter": ["FireStaffNormal","NpcCurvedFireArtillery", "NpcBasicSh", "BasicHeavy"],
	"skills_fucker":["NpcFuckerMh","NpcFuckerSh","NpcHarassBoobTouch","NpcHarassAnalTouch","NpcHarassVagTouch","NpcHarassKissed","NpcHarassVagLick","NpcHarassPunch"
					,"NpcMasturbationMale","NpcFuckerGrab"
					],
	"drop_amt": {
		"min": 0,
		"max": 4
	}
}