{
	"name": "UniqueLisa",
	"race": "Human",
	"fraction": 3,
	"fraction_mode": 1,
	"friendly_fire": false,
	"friendly_aggro": 100,
	"sensor_freq_base": 15,
	"sensor_freq_rand" : 20,
	"ranged":false,
	"safe_distance": 5,
	"immune_state_effect": false,
	"immune_damage" : false,
	"is_object": false,
	"delete_when_death" : "1234",
	"delete_when_frame" : "-1",
	"death_event":"EffectUniqueCharDed",
	"sex": 0,
	"receiver_type" : 0,
	"kinsey": 1,
	"health": 150,
	"sta": 150,
	"sexy": 10,
	"weak": 20,
	"morality": 45,
	"arousal": 0,
	"will": 600,
	"mood":100,
	"sat":100,
	"atk": 1,
	"def": 3,
	"constitution":8,
	"survival":10,
	"scoutcraft": 13,
	"combat": 10,
	"wisdom":100,
	"move_speed": 4,
	"ai": "Npc_RunAway",
	"sensors": ["Eyes"],
	"sex_taste": {
		"sex_strength": {
			"vag": 3,
			"anal": 3,
			"mouth": 3
		},
		"sex_fetish_appetizer": ["none"],
		"sex_fetish_ending": ["none"]
	},
	"tri_state": {
		"fucker": {
		"sex": ["65535","="]
		},
		"killer": {
		"sex": ["65535","="]
		},
		"assaulter": {
		"sex": ["65535","="]
		}
	},
	"sound": {
		"sound_aggro": "teenHighHurt",
		"sound_alert1": "teenHighQuestion",
		"sound_alert2": "teenHighAtk",
		"sound_skill": "teenHighAtk",
		"sound_lost": "teenHighLost",
		"sound_death": "teenHighDed"
	},
	"drop_list": [
		{
			"name": "JumpBombFrag",
			"chance": 100
		}
	],
	"skills_killer": ["NpcMarkMoralityDown","NpcBasicSh", "BasicHeavy"],
	"skills_assaulter": ["NpcMarkMoralityDown","NpcBasicSh", "BasicHeavy"],
	"skills_fucker":["NpcFuckerMh","NpcFuckerSh","NpcHarassBoobTouch","NpcHarassAnalTouch","NpcHarassVagTouch","NpcHarassKissed","NpcHarassVagLick","NpcHarassPunch"
					,"NpcMasturbationMale","NpcFuckerGrab"
					],
	"drop_amt": {
		"min": 5,
		"max": 5
	}
}