{
	"name": "UniqueCocona",
	"race": "Moot",
	"fraction": 10,
	"fraction_mode": 2,
	"friendly_fire": false,
	"friendly_aggro": 0,
	"sensor_freq_base": 10,
	"sensor_freq_rand" : 25,
	"fated_enemy": [5,9,15],
	"ranged":true,
	"safe_distance": 2,
	"immune_state_effect": false,
	"immune_damage" : false,
	"is_object": false,
	"receiver_type": 3,
	"delete_when_death" : "1234",
	"delete_when_frame" : "-1",
	"death_event":"EffectCompanionBackDed",
	"sex": 0,
	"health": 170,
	"sta": 130,
	"sexy": 8,
	"weak": "-50",
	"morality": "0",
	"arousal": 0,
	"will": 300,
	"mood":30,
	"sat":100,
	"atk": 5,
	"def": 3,
	"constitution": 6,
	"survival": 53,
	"scoutcraft": 20,
	"combat": 5,
	"wisdom": 72,
	"move_speed": 2.8,
	"ai": "Npc_UniqueCocona",
	"sensor_work_mode": 0,
	"sensors": ["Multi_follower","CoconaSupportVision"],
	"sex_taste": {
		"sex_strength": {
			"vag": 5,
			"anal": 5,
			"mouth": 5
		},
		"sex_fetish_appetizer": ["none"],
		"sex_fetish_ending": ["none"]
	},
	"tri_state": {
		"fucker": {
			"sex": ["65535","="]
		},
		"killer": {
			"morality": ["0","<"]
		},
		"assaulter": {
			"morality": ["0","<"]
		}
	},
	"sound": {
		"sound_aggro": "CoconaHurt",
		"sound_alert1": "CoconaSpot",
		"sound_alert2": "CoconaAtk",
		"sound_skill": "CoconaAtk",
		"sound_lost": "CoconaLost",
		"sound_death": "CoconaDed"
	},
	"drop_list": [{
			"name": "ItemRagTop",
			"chance": 1
		},
		{
			"name": "ItemRagMid",
			"chance": 1
		},
		{
			"name": "ItemRagBot",
			"chance": 1
		},
		{
			"name": "ItemRagMidExtra",
			"chance": 1
		},
		{
			"name": "ItemHumanFlesh",
			"chance": 20
		},
		{
			"name": "ItemRawMeat",
			"chance": 5
		}
	],
	"skills_killer": [],
	"skills_assaulter": [],
	"skills_fucker":["NpcFuckerMh","NpcFuckerSh","NpcHarassBoobTouch","NpcHarassAnalTouch","NpcHarassVagTouch","NpcHarassKissed","NpcHarassVagLick","NpcHarassPunch","NpcMasturbationMale","NpcFuckerGrab"],
	"skills_support":[],
	"drop_amt": {
		"min": 0,
		"max": 2
	}
}